L_City,total_listings,avg_list_price,min_price,max_price
Summerland,2,39387500,9200000,69575000
Glen Ellen,1,28500000,28500000,28500000
Newport Coast,43,18537718,2375000,65000000
Carpinteria,16,16073438,695000,48975000
Hidden Hills,29,15922828,3490000,39995000
Montecito,9,15509000,5995000,39500000
St Helena,1,15500000,15500000,15500000
Beverly Hills,249,13530298,599000,135000000
Winterhaven,1,12501000,12501000,12501000
Santa Ynez,22,11208955,1235000,59500000
Rancho Santa Fe,79,10875965,1679000,84950000
Bradbury,15,10604333,1349000,28800000
Pebble Beach,24,9949792,950000,57500000
Hillsborough,16,9916125,2590000,29900000
Los Altos Hills,10,9821000,3898000,19950000
Malibu,257,9652135,550000,110000000
Big Sur,7,8795714,2375000,32000000
Laguna Beach,142,8655847,845000,50000000
Santa Barbara,54,8257183,749000,54950000
Woodside,17,8119471,799000,25000000
Atherton,6,7877492,16000,16500000
Diablo,2,7800000,5850000,9750000
Davenport,2,7737500,1575000,13900000
Coto de Caza,31,7423581,1049000,125000000
Creston,1,6995000,6995000,6995000
Pacific Palisades,88,6680079,322000,39950000
Oak Glen,5,6567800,649000,14500000
Newport Beach,181,6474200,589999,59000000
Corona Del Mar,58,6465136,1595000,25000000
Del Mar,37,6235349,625000,49900000
Los Olivos,3,6000000,2850000,9950000
Los Alamos,6,5833833,939000,29800000
Somis,7,5826279,1995000,14999000
Palos Verdes Estates,26,5740765,1164000,33088888
Rolling Hills,7,5548429,2600000,6749000
Manhattan Beach,43,5364209,995000,15249000
Santa Ysabel,3,5314667,699000,12995000
San Marino,17,5291235,1998000,16800000
Portola Valley,11,5224182,1899000,15500000
La Jolla,154,5194335,499000,108000000
Grimes,2,5050000,4200000,5900000
San Simeon,4,5021250,675000,17300000
Pescadero,3,4877963,1950000,6688888
Dana Point,91,4811027,299000,25900000
Saratoga,27,4720405,950000,14880000
Friant,2,4625000,4500000,4750000
Alamo,24,4605117,1150000,23500000
Elk,3,4525000,1525000,8100000
Tiburon,1,4495000,4495000,4495000
Palo Alto,53,4423193,768888,24888000
,72,4370059,6000,50000000
Hermosa Beach,31,4294710,619000,14999000
Shandon,7,4210857,411000,8250000
Coronado,64,4177354,949000,30999999
Solana Beach,21,4175327,895000,11588168
La Selva Beach,6,4120500,830000,10950000
Moss Landing,4,4087000,1350000,9950000
Bel Air,2,4025000,1100000,6950000
Yosemite National Park,1,3995000,3995000,3995000
Carmel,74,3945457,650000,16800000
Los Altos,34,3828056,799000,8980000
Santa Monica,188,3819387,600000,110000000
La Canada Flintridge,18,3691333,1500000,8950000
Menlo Park,35,3667410,888888,11000000
Bell Canyon,4,3636000,1650000,5499000
Monte Sereno,5,3588300,4500,5750000
Silverado,7,3556557,649900,5399000
Calabasas,82,3532299,599000,16995000
North Tustin,20,3412400,1280000,9500000
Point Arena,2,3395000,2295000,4495000
Encinitas,91,3390083,209000,14900000
Oak View,10,3380900,699000,16500000
Caspar,1,3299000,3299000,3299000
Venice,80,3242042,798000,9980000
Encino,196,3201608,156400,29995000
Westlake Village,84,3072669,360000,16750000
Novato,6,3061259,599888,12000000
Villa Park,7,3055397,2299888,3950000
Los Gatos,80,3029221,449900,29200000
Cupertino,23,3001319,828888,6200000
Yorkville,1,2999000,2999000,2999000
Fiddletown,1,2998000,2998000,2998000
Mar Vista,1,2899000,2899000,2899000
Los Angeles,2879,2880318,50000,170000000
Toluca Lake,19,2869737,724500,11288000
Rancho Palos Verdes,79,2863433,460000,18307696
Cayucos,25,2835532,749900,10998000
Avila Beach,2,2827745,2500000,3155490
Orinda,14,2825143,1398000,7995000
San Miguel,11,2819273,599000,13500000
Carmel Valley,36,2800889,775000,12500000
South Pasadena,14,2789786,665000,12500000
Mount Hermon,1,2785000,2785000,2785000
Ojai,59,2765864,555000,17495000
Studio City,131,2747288,499000,34950000
San Martin,2,2737450,1475000,3999900
Palos Verdes Peninsula,6,2710825,1885000,4395000
Solvang,12,2708492,682000,10000000
Los Feliz,2,2697500,2599999,2795000
Arcadia,106,2688282,649000,12888000
Lakeview Terrace,2,2684500,519000,4850000
Lake Sherwood,3,2681667,2050000,3100000
San Juan Capistrano,33,2647345,420000,15000000
Little River,4,2608750,625000,7200000
Piedmont,3,2593333,990000,4995000
San Clemente,87,2571031,480000,11995000
Cardiff By The Sea,12,2545500,858000,4645000
Surfside,2,2542000,2389000,2695000
Santa Rosa,11,2530929,540000,9950000
Laguna Niguel,88,2526790,498000,27888000
Nevada City,1,2495000,2495000,2495000
La Honda,3,2463000,799000,3995000
Hancock Park,1,2458000,2458000,2458000
Sierra Madre,17,2385823,849000,4382000
Lafayette,34,2328643,675000,6250000
Newcastle,1,2325000,2325000,2325000
Pismo Beach,27,2286963,575000,12000000
Belmont,8,2263349,1299950,5695000
Poway,51,2261576,750000,9499000
Fairfield,36,2219926,249500,55000000
Santa Cruz,76,2207803,199900,14950000
El Dorado Hills,1,2199000,2199000,2199000
Templeton,22,2189032,679000,9995000
Goleta,7,2177286,665000,3975000
Burlingame,13,2169231,850000,4300000
West Hollywood,198,2167749,359900,57000000
Mammoth Lakes,10,2166799,515000,5900000
Laguna Hills,34,2162129,490000,8988000
San Carlos,28,2137779,749000,6895000
Sunset Beach,2,2112500,1850000,2375000
Thousand Oaks,106,2108768,350000,34900000
Topanga,45,2101067,599000,5995000
La Habra Heights,13,2100575,1150000,4580000
Ladera Heights,3,2081333,1649000,2600000
Millbrae,9,2051308,698888,3499000
Echo Park,3,2048000,1199000,2995000
Porter Ranch,67,2040898,599950,4200000
Sherman Oaks,184,2018541,359900,12750000
Silver Lake,3,2001633,1720000,2499900
Irvine,454,2000506,429900,9998800
Rancho Dominguez,1,2000000,2000000,2000000
Belvedere,1,1999900,1999900,1999900
Danville,70,1979404,585000,7088000
Yorba Linda,81,1975089,379000,6160000
Agoura Hills,50,1963815,329900,5999000
Morro Bay,21,1962657,500000,15500000
Sausalito,4,1959625,799000,2895000
Cambria,32,1949716,485000,8250000
Westport,2,1944500,1599000,2290000
Pasadena,173,1920837,475000,22000000
Valley Village,43,1911354,395395,4995000
La Quinta,510,1906874,100000,85000000
Yountville,1,1900000,1900000,1900000
Mountain View,53,1897902,550000,4560000
Bloomington,20,1890335,445000,9999999
Redwood City,51,1890283,429999,5695000
Arroyo Grande,35,1886728,319999,4999000
Costa Mesa,65,1886289,659900,3999000
Indian Wells,121,1869390,319000,16500000
Scripps Miramar,1,1860000,1860000,1860000
Walnut,63,1850130,229900,5980000
Rossmoor,4,1842000,1599000,2199999
Carlsbad,190,1837709,199999,16200000
Tarzana,105,1827054,275000,7495000
Lockwood,3,1813000,1460000,2400000
Petaluma,2,1805750,1785000,1826500
Hollywood Hills East,1,1799999,1799999,1799999
Woodland Hills,179,1791639,380000,12750000
Aptos,53,1785418,343263,12995000
Campbell,29,1781833,450000,4690000
Pleasanton,50,1775676,424900,8999000
Bradley,12,1765825,359000,7995000
Cowan Heights,1,1750000,1750000,1750000
Lake Hughes,13,1735342,275000,11975000
Paicines,3,1733266,699999,2699900
Huntington Beach,196,1732444,196500,6975000
Pope Valley,1,1725000,1725000,1725000
Redondo Beach,97,1724492,499000,4799000
Marina Del Rey,108,1715527,375000,6995000
Morgan Hill,49,1709891,3500,4358000
Ladera Ranch,33,1709800,789000,3473000
Royal Oaks,10,1705100,595000,4795000
Pacific Grove,22,1704455,799000,5998000
Boonville,2,1697500,895000,2500000
Altadena,39,1696820,541500,3000000
Half Moon Bay,28,1687353,395000,3999999
Los Osos,15,1679067,689000,4950000
San Mateo,78,1678462,499000,5400000
Mendocino,9,1672000,620000,3300000
Playa Del Rey,41,1666558,395000,6600000
Shadow Hills,6,1660583,700000,2775000
Sebastopol,4,1659097,788888,3499000
Glassell Park,1,1650000,1650000,1650000
West Los Angeles,2,1644500,1399000,1890000
Sherwood Forest,5,1639400,1499000,1750000
San Luis Obispo,72,1626143,275000,7900000
Pacifica,25,1623991,729000,6995000
Folsom,3,1618342,865000,2790026
Paso Robles,112,1605926,299000,33000000
Chatsworth,78,1605130,349000,14750000
Gridley,8,1597588,329900,9900000
Rancho Mirage,407,1594282,165000,15500000
Trabuco Canyon,9,1572889,549000,3600000
Monterey,46,1572099,187545,5990000
Unincorporated,3,1566667,200000,2500000
Stevinson,2,1562500,675000,2450000
Diamond Bar,79,1554804,289000,7688000
Lincoln Heights,1,1549000,1549000,1549000
Moss Beach,2,1542500,1500000,1585000
Sunnyvale,88,1526772,649000,3198000
San Juan Bautista,7,1526700,739999,4350000
Temple City,32,1525794,525000,3090000
Nipomo,29,1524131,294000,5475000
Corralitos,3,1511333,1300000,1655000
El Segundo,20,1504600,640000,2850000
Westchester,4,1502000,460000,2700000
Rowland Heights,34,1500920,749000,6900000
Baldwin Hills,1,1499999,1499999,1499999
Montara,1,1499999,1499999,1499999
Soledad,12,1498500,549999,6300000
View Park,5,1497600,1249000,1890000
Winters,1,1488000,1488000,1488000
South Lake Tahoe,6,1487500,500000,2998000
Avalon,13,1484685,800000,5965000
El Granada,3,1483000,1150000,1800000
Tustin,60,1482987,519999,5500000
La Verne,27,1478388,474999,7249000
Le Grand,3,1473000,1125000,1795000
Lake Forest,107,1472945,295000,3530000
La Palma,5,1470400,1150000,1863000
Milpitas,39,1463182,424900,6600000
Fountain Valley,23,1458903,474990,2498000
Foster City,16,1457017,3500,2980000
Strawberry,1,1450000,1450000,1450000
El Portal,2,1447500,995000,1900000
Anaheim Hills,21,1446974,639900,6200000
Exeter,1,1425000,1425000,1425000
Lodi,8,1418974,479000,3790000
Tecate,2,1412500,325000,2500000
Santa Clara,66,1412197,4399,2899999
East Palo Alto,20,1405203,550000,3900000
Hollywood Hills,6,1401000,659999,3799000
Moraga,20,1391835,479000,2790000
Napa,22,1391698,650000,3789500
Oxnard,154,1389377,310000,7995000
Yosemite,7,1379829,515000,2350000
San Francisco,85,1376586,99000,9995000
Cerritos,21,1375588,560000,2350000
Ventura,120,1374530,299000,7900000
Orange,90,1371163,198999,5700000
Temecula,242,1353855,334900,7000000
Palo Cedro,1,1350000,1350000,1350000
Chino Hills,67,1347126,400000,5500000
Gilroy,54,1346304,279000,3199000
Burbank,97,1332906,390000,5500000
San Rafael,7,1332413,32000,1975000
San Jose,546,1329617,4000,5300000
San Dimas,32,1328540,199000,9650000
Culver City,64,1323445,420000,5250000
Rolling Hills Estates,28,1322293,370000,3125000
Los Alamitos,9,1314189,599900,2975000
Playa Vista,15,1312992,669000,2695000
Weed,3,1308300,275000,2999999
Glendora,53,1306833,550000,9500000
Pauma Valley,20,1306235,550000,2499000
West Hills,52,1302908,399000,2549000
Ortega Mountain,1,1299000,1299000,1299000
Del Rey Oaks,3,1298333,1100000,1495000
Livermore,75,1296280,324900,12499000
Buellton,5,1295000,659000,1998000
Camarillo,110,1293559,305000,7395000
Fremont,127,1289749,388888,4888888
San Ramon,65,1281601,375000,3699000
Descanso,5,1279780,649900,3375000
Brea,26,1279646,515000,2998000
Clayton,17,1279403,579000,3375000
Aromas,1,1275000,1275000,1275000
Kensington,5,1275000,1099999,1498000
Dublin,61,1274138,499000,3018000
Glendale,94,1272592,430000,3700000
Monrovia,38,1261388,259000,2495000
La Crescenta,19,1256889,799900,1995000
Mission Viejo,111,1255979,395000,6500000
Leimert Park,4,1255500,899000,1699000
San Gabriel,39,1254200,430000,2800000
Wawona,1,1250000,1250000,1250000
Pleasant Grove,1,1248000,1248000,1248000
Pioneertown,15,1243820,399000,4490000
Bonsall,28,1243239,449000,2899900
Newark,36,1242704,389000,2350000
Claremont,43,1241705,579000,2995000
Capitola,14,1234179,525000,3295000
Valley Center,48,1222561,250000,2995000
Soquel,13,1222154,680000,2399999
Granada Hills,61,1217480,400000,2599000
Jamul,15,1217266,650000,2000000
Daly City,19,1208103,425000,3290000
Santa Paula,30,1204580,355000,7850000
Bonita,19,1204095,369000,2999000
Cuyama,1,1200000,1200000,1200000
Arbuckle,1,1199000,1199000,1199000
Dixon,2,1198975,799000,1598950
Fallbrook,133,1198900,199900,5999000
Pala,1,1195000,1195000,1195000
Rancho Mission Viejo,71,1193881,599000,2689500
Ramona,75,1191266,124900,15500000
Hollywood,6,1188825,549000,1849950
Grass Valley,3,1183333,399999,2650000
Point Loma,4,1180750,349000,1995000
Norco,38,1179994,634400,3875000
San Diego,1486,1171628,125000,18500000
Vista,120,1167590,259000,3599000
Aliso Viejo,33,1163367,520000,2750000
Westminster,27,1159181,719000,1899999
South San Francisco,19,1155883,614000,1638000
Agua Dulce,16,1155275,650000,2700000
Cypress,28,1153675,460000,3200000
Valley Glen,11,1152818,405000,1775000
Mountain House,21,1148976,799000,1406898
Eagle Rock,2,1146500,995000,1298000
Sunland,20,1139450,465000,3600000
Bass Lake,21,1138809,325000,4600000
Manchester,5,1136600,488000,1995000
Guadalupe,3,1134667,675000,2000000
Oak Park,23,1134374,369000,2499900
Placentia,29,1129272,459000,3880000
El Cerrito,10,1129089,499000,2900000
Pine Valley,12,1121625,209000,5800000
Bethel Island,22,1121335,437000,1799900
Brookdale,3,1121000,699000,1949000
Ben Lomond,11,1117000,495000,2799000
Ahwahnee,6,1114800,465000,3750000
Escondido,200,1114412,1500,17000000
Lakewood,42,1112007,410000,4199900
Downey,56,1100951,359000,2950000
Northridge,65,1094938,535000,1795000
Fullerton,88,1091645,320000,3500000
Lake Arrowhead,261,1089819,129900,10000000
Watsonville,47,1089351,255000,4250000
Sun Valley,23,1088277,169000,5250000
Berkeley,46,1087085,499000,2795000
Palm Springs,726,1080436,139000,10995000
Thermal,46,1078063,94950,7500000
Marina,34,1073204,438000,1797000
Castro Valley,36,1072305,474000,2198888
Montebello,44,1071332,365000,2250000
Auberry,5,1070480,225000,3200000
Scotts Valley,15,1069333,599000,1995000
Moorpark,35,1066321,485999,4299000
North Hollywood,104,1065718,239900,4800000
Alpine,37,1063462,299500,2999500
Mountain Center,30,1061546,324000,5000000
Garden Grove,68,1061539,420000,3999000
Cottonwood,9,1060767,80000,2900000
Lompoc,9,1054878,379000,3200000
Stevenson Ranch,21,1053519,569000,1795000
Julian,40,1051008,319900,4200000
Lake Balboa,12,1049291,629500,1950000
Bridgeport,2,1049000,1049000,1049000
Seaside,18,1046766,649000,2649000
Oceano,12,1040567,250000,3799900
Brentwood,98,1040541,450000,7380000
Pleasant Hill,27,1040475,315000,2298000
Hacienda Heights,50,1035722,379000,2500000
Buena Park,33,1034986,550000,2449000
La Mesa,72,1034506,190500,5699900
Santa Clarita,17,1034047,325000,2000000
Union City,24,1028570,345000,2799000
Other,70,1023821,2000,18000000
Torrance,118,1023494,365000,3195000
Hawthorne,44,1022191,450000,1999000
Santa Margarita,10,1021890,210000,2190000
West Covina,76,1019613,470000,3190000
Lake Nacimiento,3,1018333,755000,1275000
Springville,3,1016500,655000,1675000
Janesville,2,1014750,229500,1800000
Canyon Lake,75,1013733,275000,4199500
Imperial Beach,48,1009671,369999,2500000
Van Nuys,111,1009413,2975,15000000
Salinas,82,1007735,309000,4600000
Potter Valley,2,1007139,627277,1387000
Sunol,3,1006333,625000,1495000
Rancho Santa Margarita,59,1004918,439888,2050000
Boulder Creek,29,999397,449000,2400000
Silverado Canyon,1,998500,998500,998500
Grover Beach,17,996994,445000,1825000
Oceanside,267,996393,299000,7995000
Loma Rica,1,995000,995000,995000
Princeton,1,995000,995000,995000
Upland,86,992170,499999,4299000
Simi Valley,181,991642,10000,4200000
Discovery Bay,57,991046,449000,2750000
Long Beach,442,990507,210000,10250000
Oakdale,9,988111,300000,2325000
Whittier,95,985425,425000,3120000
Temescal Valley,2,984950,669900,1300000
Fort Bragg,27,984540,410000,2695900
San Marcos,131,983179,315000,3150000
Newbury Park,36,978111,510000,1850000
Felton,12,976833,499000,1899000
Snelling,1,975000,975000,975000
Palm Desert,808,973702,795,62000000
Rancho Cucamonga,196,969742,324900,2999000
Acton,32,963422,535000,1595000
Rosemead,23,962204,539900,1900000
Anaheim,138,960911,435000,4500000
Highland Park,10,959189,470000,1395000
West Toluca Lake,2,957500,619999,1295000
Tujunga,28,956446,549000,1600000
Granite Bay,2,954500,630000,1279000
Castaic,35,948617,495000,2399000
Fillmore,15,942231,479999,2195000
Spreckels,1,939000,939000,939000
Maricopa,6,936565,149000,2999000
Walnut Creek,141,934066,219800,4500000
Artesia,11,931151,518000,2680000
Caliente,5,928360,249999,3500000
Alameda,52,927746,325000,2398888
Murrieta,341,925902,219777,10500000
Hollister,91,925687,329000,2895000
Westwood Century City,4,913497,689986,1099000
Sonoma,2,912250,655500,1169000
Monterey Park,69,912205,398000,1780000
North Hills,56,908937,337000,2200000
Mira Mesa,12,908821,399000,1225000
Alhambra,62,908419,480000,1698000
San Pedro,84,907090,349000,5000000
McFarland,3,903333,380000,1800000
Montrose,1,900000,900000,900000
Jacumba,3,899997,249990,1900000
Gualala,1,899000,899000,899000
Hopland,1,899000,899000,899000
Mission Hills,1,899000,899000,899000
Corona,330,895650,323900,6300000
San Bruno,21,893471,373000,1999999
Saugus,80,891934,369000,2800000
Comptche,3,890000,575000,1300000
Valencia,185,887554,370000,3595000
Redlands,109,887135,135000,2650000
Tracy,69,886944,479000,3750000
Fortuna,3,886667,540000,1200000
East Los Angeles,11,886364,450000,1900000
El Monte,60,885851,399998,1798000
Winnetka,50,883949,279000,1998000
Chula Vista,205,880601,99000,4450000
Nuevo,12,875657,450000,3500000
O'Neals,1,875000,875000,875000
Lomita,9,872667,480000,1750000
Inglewood,90,871710,359000,2750000
Hayward,105,871166,349000,2200000
La Habra,54,868274,389800,2295000
Sanger,6,866333,385000,2950000
Eureka,1,865000,865000,865000
Midway City,3,861333,564999,1020000
Jurupa Valley,102,858375,350000,4800000
La Mirada,32,857481,399000,1529000
Santa Ana,171,855430,270000,5596000
Brisbane,6,851300,698000,999000
Arleta,16,850975,539900,1499900
Murphys,3,849667,410000,1200000
Reseda,65,848384,309900,1680000
Warner Springs,21,845962,154500,2960000
Tres Pinos,2,845000,840000,850000
Covina,75,842160,360000,3182800
Santa Maria,58,841757,215000,2350000
Ukiah,3,841000,549000,995000
Wilmington,12,839881,445000,1700000
Kerman,1,839000,839000,839000
Riverside,409,838407,259000,6400000
Canyon Country,138,836406,255000,5500000
Santa Fe Springs,17,836035,630000,1250000
Truckee,4,831250,99999,1100000
Eastvale,73,828416,265000,1294888
Harbor City,27,827974,465000,1350000
Carson,44,826356,418000,1300000
Woodland,1,825000,825000,825000
Phillips Ranch,9,824333,455000,1175000
Seal Beach,66,823683,210000,6590000
Chino,133,821259,435000,1695000
Catheys Valley,7,821100,620000,1495000
National City,16,818862,250000,4100000
Bellflower,21,818708,425000,1375000
San Lorenzo,9,815642,435000,999000
Lathrop,50,814802,499000,1564229
Mentone,9,811721,227500,2950000
Atascadero,46,806138,130000,1950000
San Fernando,33,805505,440000,1489900
Prunedale,2,804500,799000,810000
Sylmar,69,804456,199999,2990000
Martinez,33,802082,369000,2754000
El Cajon,154,801933,125000,4938397
San Leandro,39,799997,339000,1600000
Pacheco,1,799000,799000,799000
Rocklin,5,799000,569000,1200000
Shingle Springs,1,795000,795000,795000
La Puente,38,794012,545000,1780000
Manteca,34,792618,247000,3500000
Oakley,43,791583,375000,1579000
Albion,4,791000,645000,1175000
Arnold,2,789500,549000,1030000
Stanford,1,788000,788000,788000
Pacoima,48,786760,269900,2300000
South El Monte,15,786577,499000,1024243
Livingston,3,785300,360000,1349900
Rio Linda,1,785000,785000,785000
Bermuda Dunes,50,783770,220000,2699000
Alpaugh,1,780000,780000,780000
Encanto,1,780000,780000,780000
Lawndale,18,772333,485000,1048000
Gardena,59,762635,170000,1990000
Pico Rivera,17,760972,599500,975000
Loma Linda,24,759956,370000,1200000
Lynwood,17,759803,480000,1260999
Big Bear,96,757095,5000,4500000
Dorrington,1,755000,755000,755000
Sun Village,1,755000,755000,755000
Oakland,334,751636,210000,2998000
Spring Valley,69,751413,189900,1800000
Forbestown,1,749000,749000,749000
Mount Laguna,1,749000,749000,749000
Piru,7,748421,550000,1350000
Frazier Park,30,747733,200000,7000000
Yucaipa,77,747456,299999,2895000
Hughson,1,745000,745000,745000
Mount Shasta,2,744950,699900,790000
Joshua Tree,145,744683,60000,14995000
Santee,62,743630,199000,2000000
Fawnskin,18,742978,275000,2500000
Redwood Valley,5,742200,479000,1035000
Turlock,11,740273,365000,2500000
Huntington Park,12,734650,439900,1299000
Albany,12,733917,358000,1150000
Laton,1,729999,729999,729999
American Canyon,1,729000,729000,729000
Dinuba,2,725000,450000,999999
South Gate,28,722555,570000,1295000
City Terrace,4,721250,599999,845000
Big Bear Lake,167,721040,12000,4350000
Cherry Valley,33,720924,210000,4195000
Coachella,48,720856,139500,8000000
Fish Camp,2,719500,649000,790000
Signal Hill,11,718618,400000,1495000
Fontana,241,718071,249999,3750000
Pittsburg,47,714764,249000,6495000
Newhall,60,714157,324900,1995000
Stanton,20,710705,449000,1150000
Wheatland,2,710000,370000,1050000
Leona Valley,7,709614,469900,879000
Norwalk,41,705353,299000,1168888
El Sobrante,13,705069,368000,1099000
Otay Mesa,1,704000,704000,704000
Quartz Hill,13,703635,381360,1275000
Rodeo,8,703375,575000,900000
Bangor,4,702225,399900,1500000
Bell,2,702000,699000,705000
Terra Bella,1,699000,699000,699000
Ontario,236,697356,249999,2100000
Shaver Lake,1,695000,695000,695000
Durham,7,694000,365000,1585000
Oro Grande,9,689110,150000,1495000
Clearlake Park,1,689000,689000,689000
Clovis,19,688220,349000,1999800
Panorama City,53,688163,289000,1500000
Browns Valley,1,688000,688000,688000
Azusa,43,687995,224900,1890000
Benicia,9,687865,348888,1200000
Hercules,24,686789,339000,1660000
Ripon,1,684000,684000,684000
Wildomar,60,683638,325000,1290000
Willits,9,680489,309000,2300000
Gonzales,1,680000,680000,680000
Freedom,1,679000,679000,679000
Kernville,4,678750,325000,1400000
Pomona,137,675307,325000,2760000
Kagel Canyon,1,675000,675000,675000
Mountain Ranch,1,675000,675000,675000
Jackson,4,674500,399000,975000
Duarte,11,674263,469900,829000
Winchester,137,674027,455000,2000000
Maywood,7,673143,525000,888500
Canoga Park,56,672023,235000,3995000
Palomar Mountain,9,671422,109900,2250000
Lake Elsinore,174,671381,132000,5500000
Lakeside,49,669933,249000,2150000
Baldwin Park,41,669493,295000,1200000
Commerce,7,668000,499999,930000
French Valley,12,665673,468885,759635
King City,13,665485,419999,1249000
Vacaville,18,665323,329900,1100000
Orland,26,664654,235000,3100000
Pinole,17,663326,378000,889000
Concord,116,663184,149000,1699000
Boulevard,10,660750,399000,1200000
Compton,78,656526,350000,1195000
Coulterville,2,654950,359900,950000
Lemon Grove,29,654212,349000,974499
Dos Palos,4,653500,355000,1200000
Coarsegold,48,650331,199000,8500000
Bridgeville,1,650000,650000,650000
Nipton,1,650000,650000,650000
Perris,160,649953,215000,2680000
North Edwards,3,649333,249000,1379500
Oak Hills,43,648013,375000,929000
El Sereno,2,647500,545000,750000
Denair,2,642000,485000,799000
Laytonville,3,641333,425000,1000000
San Ysidro,7,640700,326000,895000
Three Rivers,2,637500,595000,680000
Elk Grove,10,633989,354990,800000
Paramount,17,632685,175000,1100000
Coalinga,9,630261,175000,2843450
Butte Valley,2,627500,375000,880000
Middletown,12,626699,288888,1169000
Angels Camp,6,625936,249120,899999
Penn Valley,2,625000,535000,715000
Montclair,19,624889,400000,939000
Greenfield,6,624817,450000,865000
Patterson,20,623154,359500,1000000
Davis,5,619200,550000,773000
Bay Point,14,619056,290000,999998
Jamestown,1,619000,619000,619000
Navarro,1,618000,618000,618000
San Pablo,28,616405,345000,949000
Raymond,3,615667,429000,889000
Menifee,319,615387,215900,4950000
Highland,61,615195,165000,1149000
Greenbrae,1,615000,615000,615000
Aguanga,17,612591,261250,895000
Lennox,1,610000,610000,610000
Val Verde,4,608475,399999,749900
North Palm Springs,5,608200,329000,1250000
Roseville,10,607259,2875,1300995
Antioch,101,605736,145000,1188888
Indio,553,602515,35000,4420000
Atwater,30,600643,275000,1750000
Keene,1,600000,600000,600000
San Anselmo,1,599000,599000,599000
Campo,15,598393,395000,1149000
Chico,143,597182,99000,3250000
Ione,1,597000,597000,597000
Moreno Valley,190,596603,225000,1999999
Redding,10,595010,130000,1900000
La Porte,1,595000,595000,595000
Olancha,1,595000,595000,595000
Colton,45,591996,135000,2999000
Kingsburg,1,590000,590000,590000
Fair Oaks,2,589500,229999,949000
Del Cerro,1,589000,589000,589000
Mountain Home Village,1,589000,589000,589000
Palmdale,280,588909,100000,1577777
Winton,7,587700,300000,1670000
Rialto,87,587144,344900,1399000
Holtville,2,585000,320000,850000
Tehachapi,38,584222,129900,2000000
Richmond,85,583858,218000,1350000
Klamath River,1,583000,583000,583000
Waterford,2,582000,389000,774999
Cotati,1,575000,575000,575000
Grand Terrace,17,574682,439900,799900
Port Hueneme,41,573338,370000,940000
Big Bear City,146,572758,140000,2500000
Tulare,1,570000,570000,570000
Hawaiian Gardens,4,568225,375000,659000
Lake Los Angeles,2,567500,554999,580000
Placerville,4,566000,319000,1100000
Littlerock,33,560478,335000,829000
West Sacramento,6,560198,311600,887715
Idyllwild,71,559357,239000,2299000
Valley Springs,5,557980,364900,650000
Borrego Springs,48,555096,89900,4950000
Newman,9,553878,430000,950000
Green Valley,10,552894,319000,850000
Cathedral City,213,551035,99900,1265000
Blue Jay,2,549000,499000,599000
Copperopolis,7,548923,174960,784000
Wrightwood,45,544958,335000,1300000
Lakeport,53,541079,149000,2700000
Red Bluff,24,539411,214950,1555000
La Grange,3,538000,330000,899000
Angelus Oaks,12,537433,127500,2559900
Yucca Valley,216,535628,90000,1998000
Bell Gardens,5,535580,414999,698000
Beaumont,137,534237,215000,849999
Vallejo,60,530634,159950,999998
Long Barn,1,529000,529000,529000
Pearblossom,9,525999,425000,749999
Hesperia,257,525843,199000,3800000
Rancho Cordova,3,525407,401230,679990
North Fork,11,523536,199000,1095000
San Bernardino,226,522518,140000,1500000
Chowchilla,27,520213,250000,1200000
Squaw Valley,6,518167,179000,895000
Fresno,88,517916,104900,2350000
Lincoln,3,517333,359000,729000
Running Springs,66,513788,199900,3995000
Twain Harte,4,513750,400000,685000
Mt Baldy,6,513333,230000,1000000
Mariposa,58,513019,115000,1599000
Suisun City,9,512989,448000,615000
Hilmar,3,508000,460000,544000
Madera,37,507540,185000,1150000
Pinon Hills,28,504685,360000,675000
El Centro,4,503250,349000,649000
Auburn,1,499998,499998,499998
Salida,2,499950,459900,540000
Antelope Acres,1,499900,499900,499900
Riverbank,4,499450,449000,560000
Shasta Lake,1,499000,499000,499000
Calimesa,22,496886,130000,1200000
Gustine,3,496333,394999,579000
Bakersfield,239,494511,55000,3400000
Laguna Woods,150,493609,37500,2250000
Visalia,13,493046,274900,829000
Apple Valley,280,492978,150000,1300000
Modesto,26,492393,125000,1399000
Douglas City,3,491333,199000,650000
Oregon House,5,491000,419000,599000
Lancaster,403,490874,70000,1500000
Fowler,2,489990,489990,489990
Ceres,1,489000,489000,489000
Carmichael,2,487000,399000,574999
Clairemont Mesa,1,485000,485000,485000
Flournoy,2,485000,425000,545000
Sierra City,2,483000,398000,568000
Glenhaven,2,482000,339000,625000
Lytle Creek,3,481333,365000,679000
Galt,4,480676,430000,512085
Sonora,5,480675,212625,1300000
Cool,1,480000,480000,480000
Las Vegas,2,480000,160000,800000
Tijuana,1,480000,480000,480000
Sacramento,52,479091,248000,2399000
Cudahy,1,479000,479000,479000
Midpines,4,478000,375000,629000
Homeland,26,477483,172900,998000
Phelan,61,474213,269000,789000
Crockett,1,469950,469950,469950
Banning,157,469555,194250,2500000
Hinkley,2,469500,350000,589000
Paradise Hills,2,469500,459000,480000
Hemet,390,468845,54900,11999000
University City,2,467450,449900,485000
Los Banos,46,465272,290000,620000
Crestline,105,465187,139000,1255000
Rio Vista,24,464789,320000,650000
Yreka,5,464300,175000,1399000
Stockton,56,463602,105000,1050000
San Jacinto,110,462697,69900,1500000
Hayfork,2,461500,249000,674000
Soda Springs,1,460000,460000,460000
Merced,178,458464,122999,4950000
Monterey Hills,1,458000,458000,458000
Victorville,321,457923,74900,958990
Los Molinos,7,455557,299000,649000
Desert Hot Springs,222,455219,77900,2495000
Lemoore,6,454833,350000,529000
Kelseyville,81,454583,199000,2799000
Upper Lake,13,453523,169000,900000
Butte Meadows,3,451500,275000,700000
Woody,1,450000,450000,450000
Juniper Hills,1,449900,449900,449900
Glencoe,1,449000,449000,449000
Keyes,1,449000,449000,449000
Twin Peaks,30,448498,279000,840000
Oakhurst,35,447585,212500,759990
Groveland,13,445175,259000,750000
Emeryville,21,444476,249000,749999
Paradise,86,441006,199000,1250000
Pine Grove,1,440000,440000,440000
Tahoe Vista,2,438750,229000,648500
Delhi,3,435500,346500,510000
Whitewater,11,435435,235000,649000
Oak Run,2,435000,120000,750000
Lower Lake,29,431962,139000,1025000
Citrus Heights,5,430600,279000,600000
Green Valley Lake,24,429679,265000,950000
Pine Mountain Club,66,428491,185000,795000
Dobbins,2,427450,335000,519900
Smartsville,1,425000,425000,425000
Needles,37,424089,58500,4900000
Big River,11,420163,65000,999999
Mission Valley,3,419333,349000,499000
Twentynine Palms,4,418250,199000,569999
Hanford,19,418195,230000,699000
Potrero,3,416333,299000,575000
Rosamond,34,416302,129999,749000
Morongo Valley,36,415322,59000,1050000
Marysville,5,414380,219000,699000
Cedar Glen,12,411750,224000,698000
Oroville,141,409380,116600,2900000
Hidden Valley Lake,52,404549,209900,785000
Olivehurst,4,403700,345000,480000
Shafter,6,403398,219900,644500
Helendale,57,402498,150000,995000
Ridgecrest,23,402299,123900,3500000
Woodlake,2,401950,334900,469000
Lake Isabella,4,400625,89000,895000
Cedarpines Park,7,400343,189900,560000
Ivanhoe,1,400000,400000,400000
Onyx,2,400000,224999,575000
Tollhouse,1,399000,399000,399000
Heber,1,397000,397000,397000
Hamilton City,1,395000,395000,395000
Mokelumne Hill,1,395000,395000,395000
Wishon,5,392800,225000,515000
Landers,58,392364,79000,1475000
Forest Ranch,11,391818,229000,537000
Selma,2,390000,380000,400000
Anza,49,389871,110000,1079000
Lucerne Valley,51,389829,38000,1988880
Pollock Pines,2,389000,389000,389000
Adelanto,94,388363,99000,950000
Antelope,2,386165,330000,442330
Sugarloaf,56,385862,199900,875000
Porterville,5,385560,180000,628000
Willows,5,385380,249900,550000
New Cuyama,3,384966,255000,599900
Imperial,4,379500,350000,439000
Cobb,25,375901,197400,789000
Tuolumne,1,375000,375000,375000
Live Oak,2,374900,249900,499900
Quincy,3,371000,285000,429000
Delano,3,370000,310000,450000
Rimforest,7,369557,325000,439000
Biggs,1,369000,369000,369000
Corning,44,367714,95000,1195000
Calexico,4,366250,249000,430000
Salton City,7,362057,315000,389900
Thousand Palms,16,360700,185000,590000
Weldon,2,359995,294990,425000
Avenal,18,359900,344900,374900
Lebec,5,357600,140000,650000
Brawley,2,357500,250000,465000
Yuba City,3,351300,200000,524900
Forest Falls,18,350057,129000,699000
Wasco,4,349500,259000,525000
Kennedy Meadows,2,347000,275000,419000
Anderson,1,344999,344999,344999
Barstow,87,343756,100000,3700000
Arrowbear,14,343621,249000,674900
Blythe,77,340023,22000,2850000
Trinity Center,8,339500,213000,400000
Llano,9,338993,65000,600000
Berry Creek,8,337487,250000,475000
San Joaquin,1,335000,335000,335000
Lewiston,5,333100,199000,649000
Pioneer,3,330400,241200,425000
California City,83,330312,110000,1365000
Cabazon,7,329257,150000,549900
Baldwin Lake,2,329000,299000,359000
Planada,1,329000,329000,329000
Dayton,1,325000,325000,325000
Del Rey,1,325000,325000,325000
El Nido,1,325000,325000,325000
Lake Elizabeth,4,324995,99990,475000
Whitethorn,1,324000,324000,324000
Weaverville,7,322357,159500,485000
North Highlands,3,319170,252560,379950
Taft,6,318965,199000,639900
Gerber,6,313167,120000,500000
Yermo,8,307975,190000,475000
29 Palms,167,306647,14995,3800000
San Ardo,1,305000,305000,305000
Challenge,1,300000,300000,300000
North San Juan,1,299000,299000,299000
Palermo,4,298250,85000,549000
Mecca,2,295000,260000,330000
Corcoran,7,291000,244999,360000
Loch Lomond,4,291000,230000,445000
Riverdale,1,290000,290000,290000
San Lucas,1,290000,290000,290000
Johnson Valley,8,289175,75000,649900
Covelo,1,289000,289000,289000
Montague,4,282500,187000,379000
Newberry Springs,30,281683,79900,999999
Chester,1,280000,280000,280000
Firebaugh,1,279999,279999,279999
Magalia,56,279047,89000,650000
Mojave,10,278155,90000,395000
Isleton,3,278000,140000,395000
Lucerne,23,275122,75000,662999
Posey,1,275000,275000,275000
Arvin,2,272450,194900,350000
Big Bar,3,270667,160000,357000
Clearlake,98,269905,95000,769000
Crescent Mills,1,269000,269000,269000
Niland,1,267000,267000,267000
Rackerby,1,265000,265000,265000
Clearlake Oaks,56,264320,75000,489000
Walnut Grove,1,260000,260000,260000
Farmersville,1,259000,259000,259000
Junction City,3,253000,210000,279000
Rio Dell,1,250000,250000,250000
Stallion Springs,1,246500,246500,246500
Salton Sea Beach,1,240000,240000,240000
Nelson,1,239000,239000,239000
Rohnert Park,1,230900,230900,230900
Desert Center,2,229450,199000,259900
El Mirage,3,228333,150000,285000
Nice,19,228258,90000,450000
Shingletown,3,227433,89900,312500
Occidental,1,225000,225000,225000
Fellows,2,217500,185000,250000
Alturas,4,217000,105000,339000
Mountain Mesa,5,206600,112000,285000
Wofford Heights,6,202233,115000,319900
Palo Verde,2,199950,100000,299900
McKittrick,1,199900,199900,199900
Guatay,1,199500,199500,199500
Edwards,3,199290,185000,207870
Foresthill,1,198750,198750,198750
Boron,7,196571,135000,277000
Ocotillo,1,190000,190000,190000
Cantil,2,182500,150000,215000
Susanville,1,180000,180000,180000
Stonyford,1,175000,175000,175000
Stirling City,3,174967,115000,250000
Bodfish,6,170233,70000,350000
Jonesville,1,170000,170000,170000
Hornbrook,4,164500,55000,325000
Inyokern,3,159933,124900,200000
California Valley,1,159800,159800,159800
Daggett,1,155000,155000,155000
Crescent City,1,150000,150000,150000
Leggett,1,140000,140000,140000
Monte Rio,1,129000,129000,129000
Bombay Beach,2,124950,89900,160000
Trona,14,124906,28888,750000
Ravendale,1,60000,60000,60000
Westwood,1,59000,59000,59000
Dorris,1,40000,40000,40000
Markleeville,1,16250,16250,16250
